[{"content": "The U.S. will ban American citizens from traveling to North Korea starting next month, the State Department said Friday, citing growing risks to Americans who venture into the country.Secretary of State       Rex Tillerson       authorized the decision \u201cdue to mounting concerns over the serious risk of arrest and long-term detention under North Korea\u2019s system of law enforcement,\u201d State Department spokeswoman       Heather Nauert       said.The travel ban comes just weeks after U.S. college student       Otto Warmbier,        who was detained while on a tour in Pyongyang last year, died after he returned home in June with a severe brain injury.Mr. Tillerson had told lawmakers after Mr. Warmbier\u2019s death that he was considering a ban. The State Department said Friday those seeking to travel to North Korea for limited humanitarian or other purposes could apply for an exception by using so-called special validation passports. Otherwise, American passports will be considered invalid for use in traveling to or through North Korea.The ban will take effect in late August, 30 days after the State Department publishes public notice, which Ms. Nauert said will occur next week.The ban was signaled earlier Friday by tour operators. The two largest travel companies involved in taking Western tourists to the isolated country, China-based Koryo Tours and Young Pioneer Tours, said they learned of the impending ban from the Swedish embassy in Pyongyang, which handles U.S. diplomatic affairs in North Korea and had contacted them separately by phone to inform them of the U.S. decision.Officers at both companies said the Swedish Embassy told them the U.S. would make the announcement on Thursday next week. Violating the ban would lead to the U.S. government invalidating the traveler\u2019s passport, Young Pioneer said it was told.Young Pioneer stopped bringing U.S. tourists to North Korea last month following the death of Mr. Warmbier, who went to North Korea in late 2015 on a tour organized by the company.At least three Americans are being held in North Korea, though none was a tourist. Two are tied to a Christian university in Pyongyang. At least 16 American citizens have been detained in North Korea over the past decade, according to the State Department.About 5,000 Western tourists visit North Korea each year, with roughly one-fifth of them U.S. citizens, according to Simon Cockerell, general manager of Koryo Tours, which has been bringing visitors to North Korea since 1993.Tourists visiting North Korea aren\u2019t typically allowed to travel independently and generally join group tours, where they are closely chaperoned by representatives of official state entities.Tourism companies catering to the demands of tourists with less-conventional tastes have sprung up in recent years in the U.S., Europe, China and Australia. Most tours to North Korea last between three days and two weeks and are focused on Pyongyang, though some have included activities such as train travel, skiing and surfing.Mr. Cockerell said Friday that the travel ban would be \u201ca big blow to us,\u201d and it would likely reduce the willingness of other Western nationals to travel to North Korea.U.K.-incorporated Koryo Tours accounts for about 40% of the overall volume of Western tourists to North Korea, he estimates. Mr. Cockerell criticized the U.S. decision.\u201cAll interactions between North Koreans and Americans, who are very much demonized in the country, will grind to a halt, and the North Koreans will only be left with their own media to portray Americans as they like,\u201d he said.Some travelers in the U.S. said they thought a ban would be unfair to Americans curious to learn about the closed society.\u201cI think it\u2019s an overreach on the part of the American government,\u201d said Stacy Stone, 28, of Chattanooga, Tenn., who spent two weeks in North Korea in October, traveling with U.K.-based tour operator Secret Compass. \u201cThey need to allow American citizens to make their own choice.\u201d\u2014Kris Maher contributed to this article.Write to Jonathan Cheng at jonathan.cheng@wsj.com and Felicia Schwartz at Felicia.Schwartz@wsj.com", "keywords": "north korea, north korea travel ban, tourism, travel ban, u.s.,U.S. government,political,general news,crime,legal action,international relations,politics,domestic politics,government bodies,executive branch,state department", "news_title": "U.S. to Ban Tourist Visits to North Korea ", "url": "https://www.wsj.com/articles/u-s-to-ban-tourist-visits-to-north-korea-travel-agencies-say-1500627560", "news_time": "2017-07-21 12:13:00"}, {"content": "General Electric Co.        GE -3.15%       told investors that profits are under pressure and they would have to wait several months to get a better sense of its business, sending shares to their lowest levels in more than a year.GE improved its cash flow and ramped up cost-cutting efforts\u2014two areas of investor focus\u2014in Chief Executive       Jeff Immelt\u2019s       last quarter at the helm. But the Boston-based conglomerate tempered profit expectations for the current year and said investors would have to wait until mid-November for Mr. Immelt\u2019s successor to discuss the outlook for 2018.Shares fell 2.8% to $25.94 in afternoon Friday trading, leaving the price about 18% below where it started the year.GE is under increasing pressure to show that its pivot away from financial services and renewed focus on making jet engines, power turbines and other industrial businesses would be good for investors. Mr. Immelt will step down at the end of the month after 16 years and be succeeded by health-care unit chief      John Flannery.Mr. Flannery is meeting with investors and visiting the business units of the roughly 300,000-person company. On a conference call Friday, one analyst asked if GE would be in \u201climbo\u201d until November. Mr. Flannery said the financial framework for 2017 is set and he is \u201cnot worried that we\u2019re going to be, you know, dead in the water in the meantime.\u201dJeffrey Bornstein,        GE\u2019s chief financial officer, defended the timeline in an interview and said the company would have to \u201cplay through\u201d any uncertainty created by a review that includes \u201ctesting everything we believe.\u201d\u201cThe notion that [Mr. Flannery] is going to get his arms around this in a month is a fallacy,\u201d Mr. Bornstein said in an interview. \u201cI don\u2019t think asking for four or five months to do this is asking a lot.\u201dOn Friday, GE backed its prior guidance of 2017 earnings of $1.60 to $1.70 a share, and organic sales growth of 3% to 5%, but it warned that profit would be on the weak side. \u201cGiven our outlook on oil and gas and power, we are trending to the bottom end of the range,\u201d Mr. Bornstein said on the conference call.Analysts are doubtful that GE will reach a long-held goal of delivering $2 a share in profit in 2018, but the company said an updated target wouldn\u2019t come until after Mr. Flannery\u2019s review.Meanwhile, smaller industrial conglomerate             Honeywell International Inc.        HON 0.97%       reported a stronger quarterly profit Friday and raised the low end of its 2017 earnings guidance. The company is also conducting a review of its portfolio under its new CEO,       Darius Adamczyk,        which it expects to complete in late September or early October.\u201cWe are very conscious of not letting this slow us down,\u201d said Chief Financial Officer       Tom Szlosek       in an interview. \u201cWe think we do a good job of keeping our businesses out of it.\u201dStrength in its aerospace division as well as the home and building-technologies business helped Honeywell\u2019s latest results. The company\u2019s profit rose 6% to $1.4 billion in the second quarter, and revenue increased about 1% to $10.08 billion.Honeywell shares gained 1.2% to $136.54 Friday afternoon, leaving it up 18% on the year.Both GE and Honeywell are facing pressure from activist investors. GE pledged to boost its cost-cutting program earlier this year after discussions with Trian Fund Management, which has been frustrated by missed profit goals. Third Point LLC has called on Honeywell to explore selling or splitting off its aerospace business.On Friday, GE said it cut $593 million in industrial costs in the second quarter and is on track to meet or beat its $1 billion savings goal by the end of the year. It has eliminated $670 million in spending so far this year.Despite re-examining its spending, GE said it won\u2019t consider reducing its dividend payout, which Mr. Bornstein called \u201cthe single most important capital allocation item that we have.\u201dCash flow in GE\u2019s industrial segment was a positive $1.5 billion after a shocking first-quarter shortfall of $1.6 billion. The company backed its full-year target of $12 billion to $14 billion but said it would also be at the low end of that range.In all, GE\u2019s second-quarter earnings fell less than expected. Much of the drop came from a year-ago boost from the sale of its home-appliances business. The company reported a profit of $1.19 billion, or 15 cents a share, down from $2.76 billion, or 36 cents a share, a year earlier.Revenue fell 12% to $29.56 billion.\u2014 Imani Moise contributed to this article.Write to Thomas Gryta at thomas.gryta@wsj.com", "keywords": "activist shareholder,baker hughes,ge,ge cost cutting,ge earnings,ge earnings outlook,general electric earnings,General Electric,GE,Honeywell International,HON,John Flannery,financial performance,earnings,earnings surprises,earnings projections,corporate,industrial news,industrial electrical equipment,diversified holding companies,business,consumer services,industrial electronics,industrial goods,technology", "news_title": "GE Leaves Investors in Limbo", "url": "https://www.wsj.com/articles/general-electric-makes-progress-on-cost-cutting-1500635688", "news_time": "2017-07-21 13:55:00"}, {"content": "Times are tough for skeptics of the bull market.Flummoxed by the endurance of a 2017 rally that produced its 27th S&P 500 record this week, investors are backing off bets that major indexes are headed downward.Bets against the SPDR S&P 500 exchange-traded fund, the largest ETF tracking the broad index, fell to $38.9 billion last week, the lowest level of short interest since May 2013, according to financial-analytics firm S3 Partners. Short sellers borrow shares and sell them, expecting to repurchase them at lower prices and collect the difference as profit.Bearish investors say they are scaling back on these bets not because their view of the market has fundamentally changed, but because it is difficult to stick to a money-losing strategy when it seems stocks can only go up.They believe the market moves are at odds with an economy that remains lukewarm as it enters its ninth year of growth, stock valuations that are historically high and a delay of business-friendly policies in Washington like tax cuts and infrastructure spending.\u201cThere seems to be an overall view that people are invincible, that things will always go up, that there are no risks and no matter what goes on, no matter what foolishness is in play, people don\u2019t care,\u201d said Marc Cohodes, whose hedge fund focused on shorting stocks closed in 2008.Mr. Cohodes is now a chicken farmer based in California who is looking to get into goat herding in Canada. He shorts a handful of individual stocks personally, but isn\u2019t focused on the broader market.The practice of shorting companies is also going by the wayside as stocks continue to notch new records. Short-biased hedge funds had $4.3 billion in assets at the end of March, down from $7.1 billion at the end of 2013, according to Hedge Fund Research Inc.The difficulty for stock-market bears stems from a Goldilocks-like market environment, where the economy is growing fast enough to support corporate earnings, but slow enough for the Federal Reserve to keep rates relatively low. Years of low rates and easy-money policies have boosted stocks, defying forecasts for a steep, prolonged downturn.\u201cThe shorts have been frustrated now for quite a while,\u201d said Scott Minerd, global chief investment officer at Guggenheim Partners, which has $260 billion in assets under management. The scenarios that might lead to a payout for market bears\u2014an economic recession or a sharp rise in interest rates\u2014don\u2019t seem imminent, either, Mr. Minerd added.In one sign of capitulation among the bears, stock pullbacks have been getting shorter. This year, there have been two times when the S&P 500 has closed down 1% or more. After these two selloffs, it has taken stocks an average of 14.5 days to recoup losses. That is well below the 25.5 days it took on average to bounce back from stretches of 1%-plus selloffs in 2016 and the 80 days it took to rebound in 2015, according to an analysis by WSJ Market Data Group.The share of individual investors who are either bullish or bearish has also fallen in recent months, according to a weekly survey by the American Association of Individual Investors, while the share of those who are neutral has risen. As of the end of June, 43% of investors said they were neutral\u2014the most since last August.\u201cThe danger is that you\u2019re too early getting out,\u201d said Ernesto Ramos, head of equities at BMO Global Asset Management, which has $246 billion under management.The issue for investors, Mr. Ramos said, is that there remain few compelling alternatives to stocks.Bond yields have remained stubbornly low this year, with the yield on the 10-year Treasury note ending Thursday at 2.266%, down from 2.446% at the end of 2016.Central banks around the world in recent weeks have signaled they will move toward normalizing monetary policy, nudging bond yields higher. But few investors believe inflation will pick up so much that the Fed will be pressured into lifting rates faster than it has forecast\u2014a scenario that could lead to sharp market losses.At the same time, many who are invested in stocks are wary of signs that the bull market\u2019s days are numbered.Valuations have risen to levels many investors say are stretched, with the S&P 500 trading this week at 17.82 times the next 12 months of expected earnings, according to FactSet, above its 10-year average of 14.08 times forward earnings.Still, some who believe excesses are growing in the financial system say it is hard to convey those concerns to average investors. While signs of a housing bubble in the mid-2000s were abundant, indications that borrowing by companies will lead to a wave of defaults are more nuanced, according to Albert Edwards, a strategist at Soci\u00e9t\u00e9 G\u00e9n\u00e9rale. Mr. Edwards has been bearish for most of the bull market and believes a corporate-debt binge will ultimately lead to a deeper bear market than in the 2008 financial crisis.\u201cIt\u2019s much harder this time to see the corporate-debt excesses,\u201d he said. \u201cIt\u2019s not a headline catcher. You have to be a bit geeky to pull apart the data and analyze it.\u201dDespite persistent concerns that investment-grade corporate bonds and junk debt are pricey, a Bank of America Merrill Lynch survey of credit investors found that none of the respondents were significantly underweight either sector.In the week ended July 12, investors piled more than $3 billion into global equity funds, marking the seventh straight week of inflows for such funds, according to EPFR data.\u201cThere\u2019s a lot of worry out there, but the market just keeps going up,\u201d Mr. Ramos said. \u201cWhen everyone agrees that it\u2019s time for this bull market to keep going, that\u2019s exactly the right time for the market rally to stop.\u201d\u2014Peter Levin contributed to this article.Write to Ben Eisen at ben.eisen@wsj.com and Akane Otani at akane.otani@wsj.com", "keywords": "bear market,economic news,how long can stocks keep rising,markets news,nyse,short interest,short selling,stock news,u.s. stock futures,political,general news,investment ideas,investor education,personal finance,personal investments,equity markets,commodity,financial market news,trusts,funds,financial vehicles,alternative investments,financial services,hedge funds,investing,securities", "news_title": "Short Sellers Give Up as Stocks Run to New Records ", "url": "https://www.wsj.com/articles/short-sellers-give-up-as-stocks-run-to-new-records-1500629404", "news_time": "2017-07-21 05:30:00"}, {"content": "It would be hard to find anyone in insurance with a longer resume than             American International Group Inc.\u2019s        AIG -0.26%       new chief executive       Brian Duperreault.Mr. Duperreault started as an actuarial trainee at AIG in 1973, straight out of a postcollege stint in the U.S. Army. He rose through the company\u2019s ranks to become a senior executive, before leaving in 1994. Over the past 23 years, he has turned one niche offshore insurer into a large and diversified company, become CEO of a big industry brokerage and co-founded his own insurance firm.In returning to AIG, his plan is straightforward: Grow AIG.He thinks the company has shrunk enough after unloading a series of businesses to help repay a nearly $185 billion U.S. government bailout, and then selling more assets to finance share buybacks. Mr. Duperreault wants to expand in part through acquisitions as well as AIG\u2019s life and personal lines insurance businesses, particularly internationally.\u201cI [was] looking at my alma mater having issues,\u201d the 70-year-old said in his first extensive interview since taking the AIG job in May. \u201cMy head was saying, \u2018Don\u2019t do it,\u2019 because I had a great job. But my heart was telling me otherwise.\u201dOver the past few weeks, Mr. Duperreault has brought in executives from outside the company and plans to increase use of data science and predictive analytics, particularly as a way to expand sales to midsize businesses.Many of AIG\u2019s 56,400 employees are now meeting Mr. Duperreault for the first time through town halls in New York, Boston, Chicago, London and Dublin, so far. Among things they are learning: Their new boss has deep faith. A Roman Catholic who was educated by nuns in Trenton, N.J., he later attended the Jesuit-run St. Joseph\u2019s University in Philadelphia, Pa.\u201cFaith and family are the two things I wanted them to understand about me,\u201d he said. \u201cThe most important element of running a company is doing the right thing, and faith gives one the courage to do that.\u201dMr. Duperreault said he speaks publicly of his religious side \u201cwhen I am being asked about who I am.\u201d He has publicly thanked God for his successes, and keeps a Bible in his office for \u201cwhen I feel that I have to read it.\u201dMr. Duperreault didn\u2019t initially aim for an insurance career. He went to St. Joe\u2019s to study chemistry, but \u201cI just wasn\u2019t any good at lab work.\u201d He majored in math, then after college he enlisted in the Army during the Vietnam War and spent three years doing clerical work at Fort Knox, Ky.Upon discharge, job choices were limited with a stalled U.S. economy. Actuaries were in demand.\u201cI didn\u2019t know anything about actuarial science,\u201d he said. \u201cAll I know is, I needed a job.\u201dHe was hired at AIG, then a midsize property-casualty insurer, in the early stages of its transformation into one of the world\u2019s largest financial-services firms by its CEO, Maurice R. \u201cHank\u201d Greenberg.Mr. Duperreault\u2019s first assignment was to create divorce insurance that would guarantee income should a marriage fail. While that product wasn\u2019t launched, he eventually became a key lieutenant of the legendarily hard-charging Mr. Greenberg.Mr. Duperreault said he left AIG in 1994 to determine if he had \u201cthe wherewithal to stand alone and succeed\u201d without Mr. Greenberg.In an interview, Mr. Greenberg said he is pleased to see Mr. Duperreault back at AIG, calling him \u201ca good choice.\u201d Mr. Greenberg left AIG in 2005 and now runs insurance and investment firm Starr Cos.Mr. Duperreault replaced       Peter Hancock,        who lost his hold on the CEO job earlier this year after delaying profit-improvement deadlines. Mr. Hancock had been narrowing AIG\u2019s focus through divestitures.\u201cI think Brian is wise in getting rid of that liquidation strategy,\u201d said Mr. Greenberg, referring to Mr. Hancock\u2019s divestitures. Turning around AIG \u201cwill take time, and you have to have a strategy to differentiate AIG from other companies. He\u2019s had a lot of training, been in the industry a long time. But time will tell.\u201dMr. Duperreault\u2019s first job outside of AIG was as CEO of             ACE Ltd.      , which back then was a liability-insurance specialist. The job returned him to his birthplace: Bermuda, where he was born to American parents. Over the next decade, he diversified and expanded ACE through acquisitions. In 2004, he stepped down as CEO and became nonexecutive chairman.In 2008, he became CEO of then-struggling brokerage and consulting firm             Marsh & McLennan Co      s. He cut costs, strengthened management and acquired smaller firms to bolster growth. He left in 2012.The following year, while on a dinner cruise in Hamilton, Bermuda, he mentioned still having \u201cgas in the tank\u201d to insurance executive David Brown. Mr. Brown knew that hedge fund Two Sigma Investments, a leader in quantitative analysis, was looking to get into insurance, and he put Mr. Duperreault in contact with them.That led to Mr. Duperreault co-founding Hamilton Insurance Group in 2013 with Two Sigma\u2019s principals. As part of Mr. Duperreault\u2019s new job, a Two Sigma affiliate aims to work with AIG on an insurance platform.AIG today is far different than the one Mr. Duperreault left in 1994. Gone to repay its bailout are Asian life-insurance operations, aircraft leasing and other crown jewels. Also gone are some former rivals such as             Aetna Inc.       and             Cigna Corp.      , which divested property-casualty units. New competition has emerged, including             Chubb Ltd.       That insurer is the former ACE and is run by Hank Greenberg\u2019s son Evan, who succeeded Mr. Duperreault at ACE.\u201cYou need to have great rivalries to make you better,\u201d Mr. Duperreault said. \u201cSo it\u2019s actually a wonderful thing, in a way, that they\u2019re out there and they\u2019re so good because it\u2019s going to make us better.\u201dWrite to Leslie Scism at leslie.scism@wsj.com", "keywords": "aetna,aig, aig ceo,brian duperreault, catholic,chubb,cigna, faith,hank greenberg, insurance, insurance ceo, jesuit,American International Group,AIG,St. Joseph's University,Brian Duperreault,insurance,financial services", "news_title": "From Fort Knox Clerk to Insurance Kingpin: The Rise of AIG\u2019s New CEO ", "url": "https://www.wsj.com/articles/from-fort-knox-clerk-to-insurance-kingpin-the-rise-of-aigs-new-ceo-1500629400", "news_time": "2017-07-21 05:30:00"}, {"content": "WASHINGTON\u2014Special Counsel       Robert Mueller       is investigating possible money laundering by       Paul Manafort,       Donald Trump\u2019s      \u00a0former campaign manager, as part of his criminal investigation into what U.S. intelligence agencies say was a Kremlin-backed campaign to meddle in the 2016 presidential election, according to a person familiar with the matter.The inquiry into the issue by Mr. Mueller, a former director of the Federal Bureau of Investigation, and his team began several weeks ago, this person said.\u00a0A spokesman for Mr. Manafort,       Jason Maloni,        declined to comment, as did a spokesman for Mr. Mueller.Mr. Mueller\u2019s investigation is focusing on Russian meddling as well as whether any members of the Trump campaign colluded with Moscow. Mr. Trump has denied any collusion and described investigations into the issue a \u201cwitch hunt.\u201d Russia has denied meddling.The Senate and House intelligence committees also are probing possible money laundering by Mr. Manafort, according to people with knowledge of those investigations.The Senate committee also has received reports from the Treasury Department\u2019s Financial Crimes Enforcement Network, which tracks illicit money flows, to learn if any of Mr. Trump\u2019s businesses may have financial ties to Russian interests, these people said. Mr. Trump has said he has no such ties.Mr. Manafort, a Republican political consultant, spent years working for a pro-Russia party in Ukraine. He served as Mr. Trump\u2019s presidential campaign manager for roughly three months in 2016 before resigning.New York Attorney General       Eric Schneiderman       and Manhattan District Attorney       Cyrus Vance Jr.       also are investigating Mr. Manafort\u2019s real-estate transactions, The Wall Street Journal has reported, with both offices examining his dealings for possible money-laundering and fraud. Messrs. Schneiderman and Vance are Democrats.Mr. Manafort has spent and borrowed tens of millions of dollars in connection with properties in the U.S. over the past decade, including a Brooklyn, N.Y., townhouse and California properties being developed by his son-in-law, the Journal has reported.Through his spokesman, Mr. Manafort has said his \u201cpersonal investments in real estate are all ordinary business transactions.\u201dIn April, before Mr. Mueller\u2019s appointment as special counsel, the Justice Department requested Mr. Manafort\u2019s banking records as part of the Russia probe that is now being led by Mr. Mueller, the Journal reported.And earlier this month, the Journal reported that the Manhattan district attorney\u2019s office had subpoenaed records relating to up to $16 million in loans that a bank run by       Steve Calk,        a former campaign economic adviser to Mr. Trump, made to Mr. Manafort.Mr. Manafort and two other top Trump campaign aides\u2014Donald Trump Jr. and the president\u2019s son-in-law and senior adviser,       Jared Kushner      \u2014are expected to speak with Senate committees next week as part of their inquiries.\u2014Shane Harris and Aruna Viswanatha contributed to this article.Write to Erica Orden at erica.orden@wsj.comAppeared in the July 21, 2017, print edition as 'Mueller Probes Manafort Finances.'", "keywords": "election ,fbi,hacking,intelligence committee,manafort,money laundering,russia,special counsel,trump,Financial Crimes Enforcement Network,The Senate,the Treasury Department,Paul Manafort,Jared Kushner,Donald Trump,Robert Mueller,political,general news,crime,legal action,financial crime,politics,international relations,domestic politics,elections,national,presidential elections", "news_title": "Special Counsel Investigating Possible Money Laundering by Paul Manafort ", "url": "https://www.wsj.com/articles/special-counsel-investigating-possible-money-laundering-by-paul-manafort-1500587532", "news_time": "2017-07-20 17:52:00"}]