[{"news_time": "2017-07-21 11:00:00", "url": "https://www.wsj.com/articles/lyft-shifts-gears-with-new-driverless-car-division-1500649200", "news_title": "Lyft Shifts Gears With New Driverless-Car Division", "keywords": "autonomous,driverless,self-driving,silicon valley,vc industry news,Uber Technologies,Lyft,Waymo,General Motors,GM,Luc Vincent,Raj Kapoor,retail,wholesale,etailing,autonomous driving technologies,automotive,e-commerce,online service providers,technology,sharing economy services", "content": "When Uber Technologies Inc. embarked on a costly mission to develop self-driving vehicles, ride-hailing competitor Lyft Inc. set a different course, relying on partnerships for what many believe is the future of urban transportation.Now Lyft is raising the ante at a vulnerable time for its rival.The San Francisco company on Friday said it is forming its own autonomous-car development division, to be staffed by hundreds of engineers and technicians at a new office in the heart of Silicon Valley. Lyft said it would be developing its own software and hardware to enable vehicles\u00a0to maneuver without a human at the wheel, while the company also works to attract new partners that can plug their own self-driving cars into its grid.\u201cWe want to take a proactive role into pushing the industry into a more open environment,\u201d       Raj Kapoor,        Lyft\u2019s chief strategy officer said, at a media event. \u201cThe only way to do that is to go deeper and to develop these technologies.\u201dThe new division marks a shift for Lyft, which had favored partnerships with self-driving vehicle developers including             Alphabet Inc.\u2019s       Waymo, NuTonomy Inc.,             General Motors Co.        GM -1.18%       and             Tata Motors Ltd.\u2019s       Jaguar Land Rover. While Lyft has kept many details of those deals under wraps, it had signaled it would leave the development of those cars and underlying technology to the manufacturers, which promised to provide the vehicles to Lyft\u2019s network in the coming years. Later this year, NuTonomy and GM plan to test their cars on Lyft\u2019s network.Lyft executives insist their efforts to develop driverless cars won\u2019t conflict with those partnerships.\u00a0\u201cThis isn\u2019t about bringing one car or two cars or a hundred cars onto the streets of San Francisco\u2014this is about bringing hundreds of thousands of cars\u201d to Lyft\u2019s network,\u201d Mr. Kapoor said.But the move indicates Lyft is hedging its\u00a0bets as an increasing array of tech companies and auto makers jockey for position as the multi-trillion-dollar U.S. automotive industry evolves.\u00a0Many technologists see autonomous vehicles saving lives by reducing human error and lowering the costs of transportation, but it isn\u2019t clear who will own the cars or how they will be managed and operated. Self-driving technology is still unproven and will take years to perfect and to receive regulatory approval.\u201cWhile these players started a long time ago, the technology has evolved since then,\u201d said       Luc Vincent,        Lyft\u2019s vice president of engineering. \u201cWe can build on the current technology and move faster.\u201dAs Lyft plants its flag, Uber\u2019s self-driving operation is reeling after the company fired the division\u2019s head in the wake of a lawsuit from Waymo that alleges the ride-hailing company conspired with the executive, Anthony Levandowski, to steal design secrets. Uber, which denies the allegations, has sought to be a leader in self-driving cars, rolling out tests in Pittsburgh, San Francisco and Tempe, Ariz.Lyft is opening a new office in Palo Alto, Calif., in a building once used by video-calling company Skype, and hopes that base will help it attract engineering talent, said Director of Product Taggart Matthiesen. He said the company plans to hire \u201chundreds\u201d for the new division; Uber has nearly 700 working on self-driving cars in Pittsburgh alone.Lyft\u2019s executives said getting driverless vehicles on the road is important for lowering customers\u2019 costs, in part because it won\u2019t have to pay human drivers 75% or more of a fare. The company said details like how it will share revenue with manufacturers are yet to be determined.\u201cWe think we can get more people using transportation as a service and less car ownership if we move in the direction of self-driving,\u201d Mr. Kapoor said.Write to Greg Bensinger at greg.bensinger@wsj.com"}, {"news_time": "2017-07-21 10:30:00", "url": "https://www.wsj.com/articles/meet-your-new-landlord-wall-street-1500647417", "news_title": "Meet Your New Landlord: Wall Street", "keywords": "american homes 4 rent,b. wayne hughes,barry sternlicht,colony starwood homes,home buyers,home investors,home sales,home values,nashville,progress residential,single-family home market,spring hill,streetlane homes,thomas barrack,American Homes 4 Rent,AMH,Colony Starwood Homes,SFR,Progress Residential,Streetlane Homes,Blackstone Group,BX,Invitation Homes,INVH,Michael Cook,Thomas Barrack Jr,Barry Sternlicht,B. Wayne Hughes,David Singelyn,Donald Mullen Jr,Lawrence Yun,economic performance,indicators,housing affordability,economic news,housing prices,real estate markets,political,general news,real estate,property,building construction,residential building construction,trusts,funds,financial vehicles,closed-end funds,investment trusts,real estate investment trusts,real estate transactions,construction,financial services,investing,securities,residential reits,residential real estate", "content": "SPRING HILL, Tenn.\u2014When real-estate agent Don Nugent listed a three-bedroom, two-bath house here on Jo Ann Drive, offers came immediately, including a $208,000 one from a couple with a young child looking for their first home.A competing bid was too attractive to pass up.             American Homes 4 Rent,        AMH 0.26%       a public company that had been scooping up homes in the neighborhood, offered the same amount\u2014but all cash, no inspection required.Twelve hours after the house went on the market in April, the Agoura Hills, Calif.-based real-estate investment trust signed a contract. About a month later, it put the house back on the market, this time for rent, for $1,575 a month.A new breed of homeowners has arrived in this middle-class suburb of Nashville and in many other communities around the country: big investment firms in the business of offering single-family homes for rent. Their appearance has shaken up sales and rental markets and, in some neighborhoods, sparked rent increases.On Jo Anne Drive alone, American Homes 4 Rent owns seven homes, property records indicate. In all of Spring Hill, four firms\u2014American Homes,             Colony Starwood Homes,        SFR 0.11%       Progress Residential and Streetlane Homes\u2014own nearly 700 houses, according to tax rolls. That amounts to about 5% of all the houses in town, a 2016 census indicates, and roughly three-quarters of those available for rent, according to       Lisa Wurth,        president of the local Realtors\u2019 association.Those four companies and others like them have become big landlords in other Nashville suburbs, and in neighborhoods outside Atlanta, Phoenix and a couple dozen other metropolitan areas. All told, big investors have spent some $40 billion buying about 200,000 houses, renovating them and building rental-management businesses, estimates real-estate research firm Green Street Advisors LLC. Still, they own less than 2% of all U.S. rental homes, according to Green Street.The buying spree amounts to a huge bet that the homeownership rate, which currently is hovering around a five-decade low, will stay low and that rents will continue to rise. The investors also are wagering that many people no longer see owning a home as an essential part of the American dream.\u201cThe rental stigma has really subsided,\u201d says       Michael Cook,        operations chief at closely held Streetlane Homes, which owns about 4,000 houses. \u201cPeople are realizing that houses are not necessarily the best places to store wealth.\u201dFor many years, the rental-home business was dominated by small businesses and mom-and-pop investors, most of whom owned just a property or two. Big investment firms concentrated on other real-estate sectors\u2014apartment buildings, office towers, shopping centers and warehouses\u2014reasoning that single-family homes were too difficult to acquire en masse and unwieldy to manage and maintain.That all began to change during the financial crisis a decade ago. Swaths of suburbia were sold on courthouse steps after millions of Americans defaulted on mortgages. Veteran real-estate investors raced to buy tens of thousands of deeply discounted houses, often sight unseen. The big buyers included investors       Thomas Barrack Jr.       and       Barry Sternlicht      \u2014who later merged their rental-home holdings to create Colony Starwood\u2014            Blackstone Group                   LP, the world\u2019s largest private-equity firm, and self-storage magnate       B. Wayne Hughes,        who is behind American Homes.U.S. homeownership rateSingle-family homes owned by large investors% of households own homes75thousand200Cumulative total since 201070"}, {"news_time": "2017-07-21 12:13:00", "url": "https://www.wsj.com/articles/u-s-to-ban-tourist-visits-to-north-korea-travel-agencies-say-1500627560", "news_title": "U.S. to Ban Tourist Visits to North Korea ", "keywords": "north korea, north korea travel ban, tourism, travel ban, u.s.,U.S. government,political,general news,crime,legal action,international relations,politics,domestic politics,government bodies,executive branch,state department", "content": "The U.S. will ban American citizens from traveling to North Korea starting next month, the State Department said Friday, citing growing risks to Americans who venture into the country.Secretary of State       Rex Tillerson       authorized the decision \u201cdue to mounting concerns over the serious risk of arrest and long-term detention under North Korea\u2019s system of law enforcement,\u201d State Department spokeswoman       Heather Nauert       said.The travel ban comes just weeks after U.S. college student       Otto Warmbier,        who was detained while on a tour in Pyongyang last year, died after he returned home in June with a severe brain injury.Mr. Tillerson had told lawmakers after Mr. Warmbier\u2019s death that he was considering a ban. The State Department said Friday those seeking to travel to North Korea for limited humanitarian or other purposes could apply for an exception by using so-called special validation passports. Otherwise, American passports will be considered invalid for use in traveling to or through North Korea.The ban will take effect in late August, 30 days after the State Department publishes public notice, which Ms. Nauert said will occur next week.The ban was signaled earlier Friday by tour operators. The two largest travel companies involved in taking Western tourists to the isolated country, China-based Koryo Tours and Young Pioneer Tours, said they learned of the impending ban from the Swedish embassy in Pyongyang, which handles U.S. diplomatic affairs in North Korea and had contacted them separately by phone to inform them of the U.S. decision.Officers at both companies said the Swedish Embassy told them the U.S. would make the announcement on Thursday next week. Violating the ban would lead to the U.S. government invalidating the traveler\u2019s passport, Young Pioneer said it was told.Young Pioneer stopped bringing U.S. tourists to North Korea last month following the death of Mr. Warmbier, who went to North Korea in late 2015 on a tour organized by the company.At least three Americans are being held in North Korea, though none was a tourist. Two are tied to a Christian university in Pyongyang. At least 16 American citizens have been detained in North Korea over the past decade, according to the State Department.About 5,000 Western tourists visit North Korea each year, with roughly one-fifth of them U.S. citizens, according to Simon Cockerell, general manager of Koryo Tours, which has been bringing visitors to North Korea since 1993.Tourists visiting North Korea aren\u2019t typically allowed to travel independently and generally join group tours, where they are closely chaperoned by representatives of official state entities.Tourism companies catering to the demands of tourists with less-conventional tastes have sprung up in recent years in the U.S., Europe, China and Australia. Most tours to North Korea last between three days and two weeks and are focused on Pyongyang, though some have included activities such as train travel, skiing and surfing.Mr. Cockerell said Friday that the travel ban would be \u201ca big blow to us,\u201d and it would likely reduce the willingness of other Western nationals to travel to North Korea.U.K.-incorporated Koryo Tours accounts for about 40% of the overall volume of Western tourists to North Korea, he estimates. Mr. Cockerell criticized the U.S. decision.\u201cAll interactions between North Koreans and Americans, who are very much demonized in the country, will grind to a halt, and the North Koreans will only be left with their own media to portray Americans as they like,\u201d he said.Some travelers in the U.S. said they thought a ban would be unfair to Americans curious to learn about the closed society.\u201cI think it\u2019s an overreach on the part of the American government,\u201d said Stacy Stone, 28, of Chattanooga, Tenn., who spent two weeks in North Korea in October, traveling with U.K.-based tour operator Secret Compass. \u201cThey need to allow American citizens to make their own choice.\u201d\u2014Kris Maher contributed to this article.Write to Jonathan Cheng at jonathan.cheng@wsj.com and Felicia Schwartz at Felicia.Schwartz@wsj.com"}, {"news_time": "2017-07-21 13:55:00", "url": "https://www.wsj.com/articles/general-electric-makes-progress-on-cost-cutting-1500635688", "news_title": "GE Leaves Investors in Limbo", "keywords": "activist shareholder,baker hughes,ge,ge cost cutting,ge earnings,ge earnings outlook,general electric earnings,General Electric,GE,Honeywell International,HON,John Flannery,financial performance,earnings,earnings surprises,earnings projections,corporate,industrial news,industrial electrical equipment,diversified holding companies,business,consumer services,industrial electronics,industrial goods,technology", "content": "General Electric Co.        GE -3.15%       told investors that profits are under pressure and they would have to wait several months to get a better sense of its business, sending shares to their lowest levels in more than a year.GE improved its cash flow and ramped up cost-cutting efforts\u2014two areas of investor focus\u2014in Chief Executive       Jeff Immelt\u2019s       last quarter at the helm. But the Boston-based conglomerate tempered profit expectations for the current year and said investors would have to wait until mid-November for Mr. Immelt\u2019s successor to discuss the outlook for 2018.Shares fell 2.8% to $25.94 in afternoon Friday trading, leaving the price about 18% below where it started the year.GE is under increasing pressure to show that its pivot away from financial services and renewed focus on making jet engines, power turbines and other industrial businesses would be good for investors. Mr. Immelt will step down at the end of the month after 16 years and be succeeded by health-care unit chief      John Flannery.Mr. Flannery is meeting with investors and visiting the business units of the roughly 300,000-person company. On a conference call Friday, one analyst asked if GE would be in \u201climbo\u201d until November. Mr. Flannery said the financial framework for 2017 is set and he is \u201cnot worried that we\u2019re going to be, you know, dead in the water in the meantime.\u201dJeffrey Bornstein,        GE\u2019s chief financial officer, defended the timeline in an interview and said the company would have to \u201cplay through\u201d any uncertainty created by a review that includes \u201ctesting everything we believe.\u201d\u201cThe notion that [Mr. Flannery] is going to get his arms around this in a month is a fallacy,\u201d Mr. Bornstein said in an interview. \u201cI don\u2019t think asking for four or five months to do this is asking a lot.\u201dOn Friday, GE backed its prior guidance of 2017 earnings of $1.60 to $1.70 a share, and organic sales growth of 3% to 5%, but it warned that profit would be on the weak side. \u201cGiven our outlook on oil and gas and power, we are trending to the bottom end of the range,\u201d Mr. Bornstein said on the conference call.Analysts are doubtful that GE will reach a long-held goal of delivering $2 a share in profit in 2018, but the company said an updated target wouldn\u2019t come until after Mr. Flannery\u2019s review.Meanwhile, smaller industrial conglomerate             Honeywell International Inc.        HON 0.93%       reported a stronger quarterly profit Friday and raised the low end of its 2017 earnings guidance. The company is also conducting a review of its portfolio under its new CEO,       Darius Adamczyk,        which it expects to complete in late September or early October.\u201cWe are very conscious of not letting this slow us down,\u201d said Chief Financial Officer       Tom Szlosek       in an interview. \u201cWe think we do a good job of keeping our businesses out of it.\u201dStrength in its aerospace division as well as the home and building-technologies business helped Honeywell\u2019s latest results. The company\u2019s profit rose 6% to $1.4 billion in the second quarter, and revenue increased about 1% to $10.08 billion.Honeywell shares gained 1.2% to $136.54 Friday afternoon, leaving it up 18% on the year.Both GE and Honeywell are facing pressure from activist investors. GE pledged to boost its cost-cutting program earlier this year after discussions with Trian Fund Management, which has been frustrated by missed profit goals. Third Point LLC has called on Honeywell to explore selling or splitting off its aerospace business.On Friday, GE said it cut $593 million in industrial costs in the second quarter and is on track to meet or beat its $1 billion savings goal by the end of the year. It has eliminated $670 million in spending so far this year.Despite re-examining its spending, GE said it won\u2019t consider reducing its dividend payout, which Mr. Bornstein called \u201cthe single most important capital allocation item that we have.\u201dCash flow in GE\u2019s industrial segment was a positive $1.5 billion after a shocking first-quarter shortfall of $1.6 billion. The company backed its full-year target of $12 billion to $14 billion but said it would also be at the low end of that range.In all, GE\u2019s second-quarter earnings fell less than expected. Much of the drop came from a year-ago boost from the sale of its home-appliances business. The company reported a profit of $1.19 billion, or 15 cents a share, down from $2.76 billion, or 36 cents a share, a year earlier.Revenue fell 12% to $29.56 billion.\u2014 Imani Moise contributed to this article.Write to Thomas Gryta at thomas.gryta@wsj.com"}, {"news_time": "2017-07-21 05:30:00", "url": "https://www.wsj.com/articles/short-sellers-give-up-as-stocks-run-to-new-records-1500629404", "news_title": "Short Sellers Give Up as Stocks Run to New Records ", "keywords": "bear market,economic news,how long can stocks keep rising,markets news,nyse,short interest,short selling,stock news,u.s. stock futures,political,general news,investment ideas,investor education,personal finance,personal investments,equity markets,commodity,financial market news,trusts,funds,financial vehicles,alternative investments,financial services,hedge funds,investing,securities", "content": "Times are tough for skeptics of the bull market.Flummoxed by the endurance of a 2017 rally that produced its 27th S&P 500 record this week, investors are backing off bets that major indexes are headed downward.Bets against the SPDR S&P 500 exchange-traded fund, the largest ETF tracking the broad index, fell to $38.9 billion last week, the lowest level of short interest since May 2013, according to financial-analytics firm S3 Partners. Short sellers borrow shares and sell them, expecting to repurchase them at lower prices and collect the difference as profit.Bearish investors say they are scaling back on these bets not because their view of the market has fundamentally changed, but because it is difficult to stick to a money-losing strategy when it seems stocks can only go up.They believe the market moves are at odds with an economy that remains lukewarm as it enters its ninth year of growth, stock valuations that are historically high and a delay of business-friendly policies in Washington like tax cuts and infrastructure spending.\u201cThere seems to be an overall view that people are invincible, that things will always go up, that there are no risks and no matter what goes on, no matter what foolishness is in play, people don\u2019t care,\u201d said Marc Cohodes, whose hedge fund focused on shorting stocks closed in 2008.Mr. Cohodes is now a chicken farmer based in California who is looking to get into goat herding in Canada. He shorts a handful of individual stocks personally, but isn\u2019t focused on the broader market.The practice of shorting companies is also going by the wayside as stocks continue to notch new records. Short-biased hedge funds had $4.3 billion in assets at the end of March, down from $7.1 billion at the end of 2013, according to Hedge Fund Research Inc.The difficulty for stock-market bears stems from a Goldilocks-like market environment, where the economy is growing fast enough to support corporate earnings, but slow enough for the Federal Reserve to keep rates relatively low. Years of low rates and easy-money policies have boosted stocks, defying forecasts for a steep, prolonged downturn.\u201cThe shorts have been frustrated now for quite a while,\u201d said Scott Minerd, global chief investment officer at Guggenheim Partners, which has $260 billion in assets under management. The scenarios that might lead to a payout for market bears\u2014an economic recession or a sharp rise in interest rates\u2014don\u2019t seem imminent, either, Mr. Minerd added.In one sign of capitulation among the bears, stock pullbacks have been getting shorter. This year, there have been two times when the S&P 500 has closed down 1% or more. After these two selloffs, it has taken stocks an average of 14.5 days to recoup losses. That is well below the 25.5 days it took on average to bounce back from stretches of 1%-plus selloffs in 2016 and the 80 days it took to rebound in 2015, according to an analysis by WSJ Market Data Group.The share of individual investors who are either bullish or bearish has also fallen in recent months, according to a weekly survey by the American Association of Individual Investors, while the share of those who are neutral has risen. As of the end of June, 43% of investors said they were neutral\u2014the most since last August.\u201cThe danger is that you\u2019re too early getting out,\u201d said Ernesto Ramos, head of equities at BMO Global Asset Management, which has $246 billion under management.The issue for investors, Mr. Ramos said, is that there remain few compelling alternatives to stocks.Bond yields have remained stubbornly low this year, with the yield on the 10-year Treasury note ending Thursday at 2.266%, down from 2.446% at the end of 2016.Central banks around the world in recent weeks have signaled they will move toward normalizing monetary policy, nudging bond yields higher. But few investors believe inflation will pick up so much that the Fed will be pressured into lifting rates faster than it has forecast\u2014a scenario that could lead to sharp market losses.At the same time, many who are invested in stocks are wary of signs that the bull market\u2019s days are numbered.Valuations have risen to levels many investors say are stretched, with the S&P 500 trading this week at 17.82 times the next 12 months of expected earnings, according to FactSet, above its 10-year average of 14.08 times forward earnings.Still, some who believe excesses are growing in the financial system say it is hard to convey those concerns to average investors. While signs of a housing bubble in the mid-2000s were abundant, indications that borrowing by companies will lead to a wave of defaults are more nuanced, according to Albert Edwards, a strategist at Soci\u00e9t\u00e9 G\u00e9n\u00e9rale. Mr. Edwards has been bearish for most of the bull market and believes a corporate-debt binge will ultimately lead to a deeper bear market than in the 2008 financial crisis.\u201cIt\u2019s much harder this time to see the corporate-debt excesses,\u201d he said. \u201cIt\u2019s not a headline catcher. You have to be a bit geeky to pull apart the data and analyze it.\u201dDespite persistent concerns that investment-grade corporate bonds and junk debt are pricey, a Bank of America Merrill Lynch survey of credit investors found that none of the respondents were significantly underweight either sector.In the week ended July 12, investors piled more than $3 billion into global equity funds, marking the seventh straight week of inflows for such funds, according to EPFR data.\u201cThere\u2019s a lot of worry out there, but the market just keeps going up,\u201d Mr. Ramos said. \u201cWhen everyone agrees that it\u2019s time for this bull market to keep going, that\u2019s exactly the right time for the market rally to stop.\u201d\u2014Peter Levin contributed to this article.Write to Ben Eisen at ben.eisen@wsj.com and Akane Otani at akane.otani@wsj.com"}, {"news_time": "2017-07-21 05:30:00", "url": "https://www.wsj.com/articles/from-fort-knox-clerk-to-insurance-kingpin-the-rise-of-aigs-new-ceo-1500629400", "news_title": "From Fort Knox Clerk to Insurance Kingpin: The Rise of AIG\u2019s New CEO ", "keywords": "aetna,aig, aig ceo,brian duperreault, catholic,chubb,cigna, faith,hank greenberg, insurance, insurance ceo, jesuit,American International Group,AIG,St. Joseph's University,Brian Duperreault,insurance,financial services", "content": "It would be hard to find anyone in insurance with a longer resume than             American International Group Inc.\u2019s        AIG -0.20%       new chief executive       Brian Duperreault.Mr. Duperreault started as an actuarial trainee at AIG in 1973, straight out of a postcollege stint in the U.S. Army. He rose through the company\u2019s ranks to become a senior executive, before leaving in 1994. Over the past 23 years, he has turned one niche offshore insurer into a large and diversified company, become CEO of a big industry brokerage and co-founded his own insurance firm.In returning to AIG, his plan is straightforward: Grow AIG.He thinks the company has shrunk enough after unloading a series of businesses to help repay a nearly $185 billion U.S. government bailout, and then selling more assets to finance share buybacks. Mr. Duperreault wants to expand in part through acquisitions as well as AIG\u2019s life and personal lines insurance businesses, particularly internationally.\u201cI [was] looking at my alma mater having issues,\u201d the 70-year-old said in his first extensive interview since taking the AIG job in May. \u201cMy head was saying, \u2018Don\u2019t do it,\u2019 because I had a great job. But my heart was telling me otherwise.\u201dOver the past few weeks, Mr. Duperreault has brought in executives from outside the company and plans to increase use of data science and predictive analytics, particularly as a way to expand sales to midsize businesses.Many of AIG\u2019s 56,400 employees are now meeting Mr. Duperreault for the first time through town halls in New York, Boston, Chicago, London and Dublin, so far. Among things they are learning: Their new boss has deep faith. A Roman Catholic who was educated by nuns in Trenton, N.J., he later attended the Jesuit-run St. Joseph\u2019s University in Philadelphia, Pa.\u201cFaith and family are the two things I wanted them to understand about me,\u201d he said. \u201cThe most important element of running a company is doing the right thing, and faith gives one the courage to do that.\u201dMr. Duperreault said he speaks publicly of his religious side \u201cwhen I am being asked about who I am.\u201d He has publicly thanked God for his successes, and keeps a Bible in his office for \u201cwhen I feel that I have to read it.\u201dMr. Duperreault didn\u2019t initially aim for an insurance career. He went to St. Joe\u2019s to study chemistry, but \u201cI just wasn\u2019t any good at lab work.\u201d He majored in math, then after college he enlisted in the Army during the Vietnam War and spent three years doing clerical work at Fort Knox, Ky.Upon discharge, job choices were limited with a stalled U.S. economy. Actuaries were in demand.\u201cI didn\u2019t know anything about actuarial science,\u201d he said. \u201cAll I know is, I needed a job.\u201dHe was hired at AIG, then a midsize property-casualty insurer, in the early stages of its transformation into one of the world\u2019s largest financial-services firms by its CEO, Maurice R. \u201cHank\u201d Greenberg.Mr. Duperreault\u2019s first assignment was to create divorce insurance that would guarantee income should a marriage fail. While that product wasn\u2019t launched, he eventually became a key lieutenant of the legendarily hard-charging Mr. Greenberg.Mr. Duperreault said he left AIG in 1994 to determine if he had \u201cthe wherewithal to stand alone and succeed\u201d without Mr. Greenberg.In an interview, Mr. Greenberg said he is pleased to see Mr. Duperreault back at AIG, calling him \u201ca good choice.\u201d Mr. Greenberg left AIG in 2005 and now runs insurance and investment firm Starr Cos.Mr. Duperreault replaced       Peter Hancock,        who lost his hold on the CEO job earlier this year after delaying profit-improvement deadlines. Mr. Hancock had been narrowing AIG\u2019s focus through divestitures.\u201cI think Brian is wise in getting rid of that liquidation strategy,\u201d said Mr. Greenberg, referring to Mr. Hancock\u2019s divestitures. Turning around AIG \u201cwill take time, and you have to have a strategy to differentiate AIG from other companies. He\u2019s had a lot of training, been in the industry a long time. But time will tell.\u201dMr. Duperreault\u2019s first job outside of AIG was as CEO of             ACE Ltd.      , which back then was a liability-insurance specialist. The job returned him to his birthplace: Bermuda, where he was born to American parents. Over the next decade, he diversified and expanded ACE through acquisitions. In 2004, he stepped down as CEO and became nonexecutive chairman.In 2008, he became CEO of then-struggling brokerage and consulting firm             Marsh & McLennan Co      s. He cut costs, strengthened management and acquired smaller firms to bolster growth. He left in 2012.The following year, while on a dinner cruise in Hamilton, Bermuda, he mentioned still having \u201cgas in the tank\u201d to insurance executive David Brown. Mr. Brown knew that hedge fund Two Sigma Investments, a leader in quantitative analysis, was looking to get into insurance, and he put Mr. Duperreault in contact with them.That led to Mr. Duperreault co-founding Hamilton Insurance Group in 2013 with Two Sigma\u2019s principals. As part of Mr. Duperreault\u2019s new job, a Two Sigma affiliate aims to work with AIG on an insurance platform.AIG today is far different than the one Mr. Duperreault left in 1994. Gone to repay its bailout are Asian life-insurance operations, aircraft leasing and other crown jewels. Also gone are some former rivals such as             Aetna Inc.       and             Cigna Corp.      , which divested property-casualty units. New competition has emerged, including             Chubb Ltd.       That insurer is the former ACE and is run by Hank Greenberg\u2019s son Evan, who succeeded Mr. Duperreault at ACE.\u201cYou need to have great rivalries to make you better,\u201d Mr. Duperreault said. \u201cSo it\u2019s actually a wonderful thing, in a way, that they\u2019re out there and they\u2019re so good because it\u2019s going to make us better.\u201dWrite to Leslie Scism at leslie.scism@wsj.com"}, {"news_time": "2017-07-21 10:17:00", "url": "https://www.wsj.com/articles/dont-fear-the-robots-1500646623", "news_title": "Don\u2019t Fear the Robots", "keywords": " automation, employment,jerry kaplan, jobs,robots, technology, unemployment,economic performance,indicators,employment,unemployment,economic news,political,general news,robotics,sciences,humanities", "content": "The field of artificial intelligence is now more than a half-century old, and today we are seeing one of its periodic hype cycles, with commentators fretting that the next generation of robots will bring massive unemployment. Are we doomed to a future in which hordes of desperate job seekers compete for ever-scarcer work, while a handful of owners grow rich on the labors of their mechanical servants? Will robots \u201cdo everything better than us,\u201d as       Elon Musk       warned at last week\u2019s meeting of the National Governors Association?Notable commentators ringing the alarm include Carl Frey and Michael Osborne of the Oxford Martin School, who estimate in a 2013 paper that 47% of all U.S. jobs are at high risk of falling to computerization in the next few decades. In a report published this year,       James Manyika,       Michael Chui       and colleagues at the McKinsey Global Institute offer a more refined view of the changes ahead. They repeated the Frey-Osborne analysis but focused on the potential of artificial intelligence to automate not jobs but discrete tasks (since we use robots for specific activities, not to fill jobs). They project that, by 2055, more than 50% of all work-related tasks will be subject to automation.Such studies naturally raise concerns that we may be on the brink of an unprecedented employment crisis. But robots aren\u2019t mechanical people. They are a new wave of automation, and like previous waves, they reduce the need for human labor. In doing so, they make the remaining workers more productive and their companies more profitable. These profits then find their way into the pockets of employees, stockholders and consumers (through lower prices).This newfound wealth, in turn, increases demand for products and services, compensating for lost jobs by employing even more people. In a recent paper prepared for a European Central Bank conference, the economists David Autor of MIT and Anna Salomons of Utrecht University looked at data for 19 countries from 1970 to 2007. While acknowledging that advances in technology may hurt employment in some industries, they concluded that \u201ccountry-level employment generally grows as aggregate productivity rises.\u201dThe historical record provides strong support for this view. After all, despite centuries of progress in automation and recurrent warnings of a jobless future, total employment has continued to increase relentlessly, even with bumps along the way.More remarkable is the fact that today\u2019s most dire projections of jobs lost to automation fall short of historical norms. A recent analysis by       Robert Atkinson       and John Wu of the Information Technology & Innovation Foundation quantified the rate of job destruction (and creation) in each decade since 1850, based on census data. They found that an incredible 57% of the jobs that workers did in 1960 no longer exist today (adjusted for the size of the workforce).Workers suffering some of the largest losses included office clerks, secretaries and telephone operators. They found similar levels of displacement in the decades after the introduction of railroads and the automobile. Who is old enough to remember bowling alley pin-setters? Elevator operators? Gas jockeys? When was the last time you heard a manager say, \u201cTake a memo\u201d?In the face of such evidence, why do so many experts and futurists continue to warn of an impending crisis? The crux of their argument is that the coming wave of artificially intelligent computers and robots can do virtually any job that a human can do, so everyone\u2019s job is on the chopping block. As the logic goes, if artificial intelligence is getting so smart that it can recognize cats, drive cars, beat world-champion Go players, identify cancerous lesions and translate from one language to another, won\u2019t it soon be capable of doing just about anything a person can?Not by a long shot. What all of these tasks have in common is that they involve finding subtle patterns in very large collections of data, a process that goes by the name of machine learning. The kinds of data vary, of course. It might be pixels in cat photos, bytes streaming from a dashboard camera, millions of computer-generated games of Go, digital X-rays or volumes of human-translated documents.But it is misleading to characterize all of this as some extraordinary leap toward duplicating human intelligence. The selfie app in your phone that places bunny ears on your head doesn\u2019t \u201cknow\u201d anything about you. For its purposes, your meticulously posed image is just a bundle of bits to be strained through an algorithm that determines where to place Snapchat face filters. These programs present no more of a threat to human primacy than did automatic looms, phonographs and calculators, all of which were greeted with astonishment and trepidation by the workers they replaced when first introduced.And robots may not be welcome in the growth occupations of the future. As we become wealthier, consumers are likely to allocate an increasing share of their income to premium services. This is precisely the segment of the economy where personal care, face-to-face interaction and demonstrations of skill are critical to the value delivered.Luxury hotels are not prized because they are more efficient but because their staff is more attentive. People pay more to watch a barista brew their latte than for a comparable product from a vending machine, and I somehow doubt that our grandchildren will want to tell their troubles to a robotic bartender or prefer to stick their hands in a manicure machine. In the future, the masses may make do with simple-minded domestic robots while the upper crust hires ever more butlers and maids. The Jetsons, after all, were a middle-class family.This trend may begin to play out in our own lifetimes. Many consumers are likely to conclude in the next decade or so that they no longer need to have a car of their own. What\u2019s called \u201ctransportation as a service\u201d (autonomous taxis, on-demand vehicles and ride sharing) will save the typical American family more than $5,000 a year, according to think tank RethinkX.What will we do with that extra money? Spend it, of course\u2014on vacations, clothes, restaurant dinners, concert tickets, spa days and more. That means increased demand for flight attendants, hospitality workers, tour guides, bartenders, dog walkers, tailors, chefs, ushers, yoga instructors and masseuses, even as artificial intelligence reduces the need for drivers, warehouse workers and factory operators.The irony of the coming wave of artificial intelligence is that it may herald a golden age of personal service. If history is a guide, this remarkable technology won\u2019t spell the end of work as we know it. Instead, artificial intelligence will change the way that we live and work, improving our standard of living while shuffling jobs from one category to another in the familiar capitalist cycle of creation and destruction.\u2014Dr. Kaplan is an adjunct professor at Stanford University, where he teaches about artificial intelligence. His latest book is \u201cArtificial Intelligence: What Everyone Needs to Know\u201d (Oxford University Press).\u2014"}]